{
  "frames": {
    "attack_1_4.png": {
      "frame": {
        "x": 0,
        "y": 0,
        "w": 101,
        "h": 74
      },
      "rotated": false,
      "trimmed": true,
      "spriteSourceSize": {
        "x": 24,
        "y": 54,
        "w": 101,
        "h": 74
      },
      "sourceSize": {
        "w": 128,
        "h": 128
      },
      "pivot": {
        "x": 0.5,
        "y": 0.5
      }
    },
    "attack_3_2.png": {
      "frame": {
        "x": 0,
        "y": 74,
        "w": 101,
        "h": 75
      },
      "rotated": false,
      "trimmed": true,
      "spriteSourceSize": {
        "x": 24,
        "y": 53,
        "w": 101,
        "h": 75
      },
      "sourceSize": {
        "w": 128,
        "h": 128
      },
      "pivot": {
        "x": 0.5,
        "y": 0.5
      }
    },
    "attack_3_1.png": {
      "frame": {
        "x": 101,
        "y": 0,
        "w": 100,
        "h": 75
      },
      "rotated": false,
      "trimmed": true,
      "spriteSourceSize": {
        "x": 24,
        "y": 53,
        "w": 100,
        "h": 75
      },
      "sourceSize": {
        "w": 128,
        "h": 128
      },
      "pivot": {
        "x": 0.5,
        "y": 0.5
      }
    },
    "attack_2_2.png": {
      "frame": {
        "x": 101,
        "y": 75,
        "w": 98,
        "h": 73
      },
      "rotated": false,
      "trimmed": true,
      "spriteSourceSize": {
        "x": 30,
        "y": 55,
        "w": 98,
        "h": 73
      },
      "sourceSize": {
        "w": 128,
        "h": 128
      },
      "pivot": {
        "x": 0.5,
        "y": 0.5
      }
    },
    "walk_1.png": {
      "frame": {
        "x": 0,
        "y": 149,
        "w": 48,
        "h": 84
      },
      "rotated": false,
      "trimmed": true,
      "spriteSourceSize": {
        "x": 26,
        "y": 44,
        "w": 48,
        "h": 84
      },
      "sourceSize": {
        "w": 128,
        "h": 128
      },
      "pivot": {
        "x": 0.5,
        "y": 0.5
      }
    },
    "walk_5.png": {
      "frame": {
        "x": 48,
        "y": 149,
        "w": 48,
        "h": 84
      },
      "rotated": false,
      "trimmed": true,
      "spriteSourceSize": {
        "x": 26,
        "y": 44,
        "w": 48,
        "h": 84
      },
      "sourceSize": {
        "w": 128,
        "h": 128
      },
      "pivot": {
        "x": 0.5,
        "y": 0.5
      }
    },
    "idle_2.png": {
      "frame": {
        "x": 96,
        "y": 149,
        "w": 46,
        "h": 83
      },
      "rotated": false,
      "trimmed": true,
      "spriteSourceSize": {
        "x": 41,
        "y": 45,
        "w": 46,
        "h": 83
      },
      "sourceSize": {
        "w": 128,
        "h": 128
      },
      "pivot": {
        "x": 0.5,
        "y": 0.5
      }
    },
    "idle_3.png": {
      "frame": {
        "x": 142,
        "y": 148,
        "w": 46,
        "h": 83
      },
      "rotated": false,
      "trimmed": true,
      "spriteSourceSize": {
        "x": 41,
        "y": 45,
        "w": 46,
        "h": 83
      },
      "sourceSize": {
        "w": 128,
        "h": 128
      },
      "pivot": {
        "x": 0.5,
        "y": 0.5
      }
    },
    "idle_4.png": {
      "frame": {
        "x": 201,
        "y": 0,
        "w": 46,
        "h": 83
      },
      "rotated": false,
      "trimmed": true,
      "spriteSourceSize": {
        "x": 41,
        "y": 45,
        "w": 46,
        "h": 83
      },
      "sourceSize": {
        "w": 128,
        "h": 128
      },
      "pivot": {
        "x": 0.5,
        "y": 0.5
      }
    },
    "walk_0.png": {
      "frame": {
        "x": 199,
        "y": 83,
        "w": 48,
        "h": 83
      },
      "rotated": false,
      "trimmed": true,
      "spriteSourceSize": {
        "x": 26,
        "y": 45,
        "w": 48,
        "h": 83
      },
      "sourceSize": {
        "w": 128,
        "h": 128
      },
      "pivot": {
        "x": 0.5,
        "y": 0.5
      }
    },
    "walk_2.png": {
      "frame": {
        "x": 0,
        "y": 233,
        "w": 51,
        "h": 83
      },
      "rotated": false,
      "trimmed": true,
      "spriteSourceSize": {
        "x": 26,
        "y": 45,
        "w": 51,
        "h": 83
      },
      "sourceSize": {
        "w": 128,
        "h": 128
      },
      "pivot": {
        "x": 0.5,
        "y": 0.5
      }
    },
    "walk_4.png": {
      "frame": {
        "x": 51,
        "y": 233,
        "w": 48,
        "h": 83
      },
      "rotated": false,
      "trimmed": true,
      "spriteSourceSize": {
        "x": 26,
        "y": 45,
        "w": 48,
        "h": 83
      },
      "sourceSize": {
        "w": 128,
        "h": 128
      },
      "pivot": {
        "x": 0.5,
        "y": 0.5
      }
    },
    "walk_6.png": {
      "frame": {
        "x": 99,
        "y": 232,
        "w": 52,
        "h": 83
      },
      "rotated": false,
      "trimmed": true,
      "spriteSourceSize": {
        "x": 26,
        "y": 45,
        "w": 52,
        "h": 83
      },
      "sourceSize": {
        "w": 128,
        "h": 128
      },
      "pivot": {
        "x": 0.5,
        "y": 0.5
      }
    },
    "idle_1.png": {
      "frame": {
        "x": 151,
        "y": 231,
        "w": 46,
        "h": 82
      },
      "rotated": false,
      "trimmed": true,
      "spriteSourceSize": {
        "x": 41,
        "y": 46,
        "w": 46,
        "h": 82
      },
      "sourceSize": {
        "w": 128,
        "h": 128
      },
      "pivot": {
        "x": 0.5,
        "y": 0.5
      }
    },
    "idle_5.png": {
      "frame": {
        "x": 197,
        "y": 166,
        "w": 46,
        "h": 82
      },
      "rotated": false,
      "trimmed": true,
      "spriteSourceSize": {
        "x": 41,
        "y": 46,
        "w": 46,
        "h": 82
      },
      "sourceSize": {
        "w": 128,
        "h": 128
      },
      "pivot": {
        "x": 0.5,
        "y": 0.5
      }
    },
    "jump_04.png": {
      "frame": {
        "x": 247,
        "y": 0,
        "w": 53,
        "h": 82
      },
      "rotated": false,
      "trimmed": true,
      "spriteSourceSize": {
        "x": 31,
        "y": 45,
        "w": 53,
        "h": 82
      },
      "sourceSize": {
        "w": 128,
        "h": 128
      },
      "pivot": {
        "x": 0.5,
        "y": 0.5
      }
    },
    "walk_3.png": {
      "frame": {
        "x": 247,
        "y": 82,
        "w": 48,
        "h": 82
      },
      "rotated": false,
      "trimmed": true,
      "spriteSourceSize": {
        "x": 26,
        "y": 46,
        "w": 48,
        "h": 82
      },
      "sourceSize": {
        "w": 128,
        "h": 128
      },
      "pivot": {
        "x": 0.5,
        "y": 0.5
      }
    },
    "walk_7.png": {
      "frame": {
        "x": 247,
        "y": 164,
        "w": 48,
        "h": 82
      },
      "rotated": false,
      "trimmed": true,
      "spriteSourceSize": {
        "x": 26,
        "y": 46,
        "w": 48,
        "h": 82
      },
      "sourceSize": {
        "w": 128,
        "h": 128
      },
      "pivot": {
        "x": 0.5,
        "y": 0.5
      }
    },
    "idle_0.png": {
      "frame": {
        "x": 300,
        "y": 0,
        "w": 46,
        "h": 81
      },
      "rotated": false,
      "trimmed": true,
      "spriteSourceSize": {
        "x": 41,
        "y": 47,
        "w": 46,
        "h": 81
      },
      "sourceSize": {
        "w": 128,
        "h": 128
      },
      "pivot": {
        "x": 0.5,
        "y": 0.5
      }
    },
    "jump_00.png": {
      "frame": {
        "x": 0,
        "y": 316,
        "w": 60,
        "h": 80
      },
      "rotated": false,
      "trimmed": true,
      "spriteSourceSize": {
        "x": 27,
        "y": 48,
        "w": 60,
        "h": 80
      },
      "sourceSize": {
        "w": 128,
        "h": 128
      },
      "pivot": {
        "x": 0.5,
        "y": 0.5
      }
    },
    "jump_03.png": {
      "frame": {
        "x": 60,
        "y": 316,
        "w": 58,
        "h": 80
      },
      "rotated": false,
      "trimmed": true,
      "spriteSourceSize": {
        "x": 27,
        "y": 48,
        "w": 58,
        "h": 80
      },
      "sourceSize": {
        "w": 128,
        "h": 128
      },
      "pivot": {
        "x": 0.5,
        "y": 0.5
      }
    },
    "jump_05.png": {
      "frame": {
        "x": 118,
        "y": 315,
        "w": 53,
        "h": 80
      },
      "rotated": false,
      "trimmed": true,
      "spriteSourceSize": {
        "x": 33,
        "y": 46,
        "w": 53,
        "h": 80
      },
      "sourceSize": {
        "w": 128,
        "h": 128
      },
      "pivot": {
        "x": 0.5,
        "y": 0.5
      }
    },
    "attack_3_0.png": {
      "frame": {
        "x": 171,
        "y": 313,
        "w": 79,
        "h": 75
      },
      "rotated": false,
      "trimmed": true,
      "spriteSourceSize": {
        "x": 22,
        "y": 53,
        "w": 79,
        "h": 75
      },
      "sourceSize": {
        "w": 128,
        "h": 128
      },
      "pivot": {
        "x": 0.5,
        "y": 0.5
      }
    },
    "hurt_0.png": {
      "frame": {
        "x": 295,
        "y": 82,
        "w": 48,
        "h": 79
      },
      "rotated": false,
      "trimmed": true,
      "spriteSourceSize": {
        "x": 40,
        "y": 49,
        "w": 48,
        "h": 79
      },
      "sourceSize": {
        "w": 128,
        "h": 128
      },
      "pivot": {
        "x": 0.5,
        "y": 0.5
      }
    },
    "run_0.png": {
      "frame": {
        "x": 295,
        "y": 161,
        "w": 51,
        "h": 79
      },
      "rotated": false,
      "trimmed": true,
      "spriteSourceSize": {
        "x": 15,
        "y": 49,
        "w": 51,
        "h": 79
      },
      "sourceSize": {
        "w": 128,
        "h": 128
      },
      "pivot": {
        "x": 0.5,
        "y": 0.5
      }
    },
    "run_4.png": {
      "frame": {
        "x": 295,
        "y": 240,
        "w": 51,
        "h": 79
      },
      "rotated": false,
      "trimmed": true,
      "spriteSourceSize": {
        "x": 15,
        "y": 49,
        "w": 51,
        "h": 79
      },
      "sourceSize": {
        "w": 128,
        "h": 128
      },
      "pivot": {
        "x": 0.5,
        "y": 0.5
      }
    },
    "run_1.png": {
      "frame": {
        "x": 346,
        "y": 0,
        "w": 51,
        "h": 78
      },
      "rotated": false,
      "trimmed": true,
      "spriteSourceSize": {
        "x": 15,
        "y": 50,
        "w": 51,
        "h": 78
      },
      "sourceSize": {
        "w": 128,
        "h": 128
      },
      "pivot": {
        "x": 0.5,
        "y": 0.5
      }
    },
    "run_3.png": {
      "frame": {
        "x": 346,
        "y": 78,
        "w": 51,
        "h": 78
      },
      "rotated": false,
      "trimmed": true,
      "spriteSourceSize": {
        "x": 15,
        "y": 50,
        "w": 51,
        "h": 78
      },
      "sourceSize": {
        "w": 128,
        "h": 128
      },
      "pivot": {
        "x": 0.5,
        "y": 0.5
      }
    },
    "run_5.png": {
      "frame": {
        "x": 346,
        "y": 156,
        "w": 51,
        "h": 78
      },
      "rotated": false,
      "trimmed": true,
      "spriteSourceSize": {
        "x": 15,
        "y": 50,
        "w": 51,
        "h": 78
      },
      "sourceSize": {
        "w": 128,
        "h": 128
      },
      "pivot": {
        "x": 0.5,
        "y": 0.5
      }
    },
    "run_7.png": {
      "frame": {
        "x": 346,
        "y": 234,
        "w": 51,
        "h": 78
      },
      "rotated": false,
      "trimmed": true,
      "spriteSourceSize": {
        "x": 15,
        "y": 50,
        "w": 51,
        "h": 78
      },
      "sourceSize": {
        "w": 128,
        "h": 128
      },
      "pivot": {
        "x": 0.5,
        "y": 0.5
      }
    },
    "hurt_1.png": {
      "frame": {
        "x": 250,
        "y": 319,
        "w": 48,
        "h": 77
      },
      "rotated": false,
      "trimmed": true,
      "spriteSourceSize": {
        "x": 40,
        "y": 51,
        "w": 48,
        "h": 77
      },
      "sourceSize": {
        "w": 128,
        "h": 128
      },
      "pivot": {
        "x": 0.5,
        "y": 0.5
      }
    },
    "run_2.png": {
      "frame": {
        "x": 298,
        "y": 319,
        "w": 57,
        "h": 77
      },
      "rotated": false,
      "trimmed": true,
      "spriteSourceSize": {
        "x": 15,
        "y": 51,
        "w": 57,
        "h": 77
      },
      "sourceSize": {
        "w": 128,
        "h": 128
      },
      "pivot": {
        "x": 0.5,
        "y": 0.5
      }
    },
    "run_6.png": {
      "frame": {
        "x": 0,
        "y": 396,
        "w": 57,
        "h": 77
      },
      "rotated": false,
      "trimmed": true,
      "spriteSourceSize": {
        "x": 15,
        "y": 51,
        "w": 57,
        "h": 77
      },
      "sourceSize": {
        "w": 128,
        "h": 128
      },
      "pivot": {
        "x": 0.5,
        "y": 0.5
      }
    },
    "shield_0.png": {
      "frame": {
        "x": 57,
        "y": 396,
        "w": 63,
        "h": 77
      },
      "rotated": false,
      "trimmed": true,
      "spriteSourceSize": {
        "x": 36,
        "y": 51,
        "w": 63,
        "h": 77
      },
      "sourceSize": {
        "w": 128,
        "h": 128
      },
      "pivot": {
        "x": 0.5,
        "y": 0.5
      }
    },
    "shield_1.png": {
      "frame": {
        "x": 120,
        "y": 396,
        "w": 57,
        "h": 77
      },
      "rotated": false,
      "trimmed": true,
      "spriteSourceSize": {
        "x": 36,
        "y": 51,
        "w": 57,
        "h": 77
      },
      "sourceSize": {
        "w": 128,
        "h": 128
      },
      "pivot": {
        "x": 0.5,
        "y": 0.5
      }
    },
    "jump_01.png": {
      "frame": {
        "x": 177,
        "y": 396,
        "w": 62,
        "h": 76
      },
      "rotated": false,
      "trimmed": true,
      "spriteSourceSize": {
        "x": 25,
        "y": 51,
        "w": 62,
        "h": 76
      },
      "sourceSize": {
        "w": 128,
        "h": 128
      },
      "pivot": {
        "x": 0.5,
        "y": 0.5
      }
    },
    "dead_2.png": {
      "frame": {
        "x": 197,
        "y": 248,
        "w": 75,
        "h": 10
      },
      "rotated": false,
      "trimmed": true,
      "spriteSourceSize": {
        "x": 29,
        "y": 118,
        "w": 75,
        "h": 10
      },
      "sourceSize": {
        "w": 128,
        "h": 128
      },
      "pivot": {
        "x": 0.5,
        "y": 0.5
      }
    },
    "attack_1_0.png": {
      "frame": {
        "x": 239,
        "y": 396,
        "w": 53,
        "h": 74
      },
      "rotated": false,
      "trimmed": true,
      "spriteSourceSize": {
        "x": 23,
        "y": 54,
        "w": 53,
        "h": 74
      },
      "sourceSize": {
        "w": 128,
        "h": 128
      },
      "pivot": {
        "x": 0.5,
        "y": 0.5
      }
    },
    "attack_1_3.png": {
      "frame": {
        "x": 292,
        "y": 396,
        "w": 63,
        "h": 74
      },
      "rotated": false,
      "trimmed": true,
      "spriteSourceSize": {
        "x": 24,
        "y": 54,
        "w": 63,
        "h": 74
      },
      "sourceSize": {
        "w": 128,
        "h": 128
      },
      "pivot": {
        "x": 0.5,
        "y": 0.5
      }
    },
    "attack_1_5.png": {
      "frame": {
        "x": 397,
        "y": 0,
        "w": 54,
        "h": 74
      },
      "rotated": false,
      "trimmed": true,
      "spriteSourceSize": {
        "x": 24,
        "y": 54,
        "w": 54,
        "h": 74
      },
      "sourceSize": {
        "w": 128,
        "h": 128
      },
      "pivot": {
        "x": 0.5,
        "y": 0.5
      }
    },
    "attack_2_0.png": {
      "frame": {
        "x": 397,
        "y": 74,
        "w": 54,
        "h": 74
      },
      "rotated": false,
      "trimmed": true,
      "spriteSourceSize": {
        "x": 30,
        "y": 54,
        "w": 54,
        "h": 74
      },
      "sourceSize": {
        "w": 128,
        "h": 128
      },
      "pivot": {
        "x": 0.5,
        "y": 0.5
      }
    },
    "attack_2_1.png": {
      "frame": {
        "x": 355,
        "y": 312,
        "w": 58,
        "h": 74
      },
      "rotated": false,
      "trimmed": true,
      "spriteSourceSize": {
        "x": 27,
        "y": 54,
        "w": 58,
        "h": 74
      },
      "sourceSize": {
        "w": 128,
        "h": 128
      },
      "pivot": {
        "x": 0.5,
        "y": 0.5
      }
    },
    "dead_0.png": {
      "frame": {
        "x": 397,
        "y": 148,
        "w": 49,
        "h": 74
      },
      "rotated": false,
      "trimmed": true,
      "spriteSourceSize": {
        "x": 25,
        "y": 54,
        "w": 49,
        "h": 74
      },
      "sourceSize": {
        "w": 128,
        "h": 128
      },
      "pivot": {
        "x": 0.5,
        "y": 0.5
      }
    },
    "jump_02.png": {
      "frame": {
        "x": 355,
        "y": 386,
        "w": 65,
        "h": 74
      },
      "rotated": false,
      "trimmed": true,
      "spriteSourceSize": {
        "x": 25,
        "y": 54,
        "w": 65,
        "h": 74
      },
      "sourceSize": {
        "w": 128,
        "h": 128
      },
      "pivot": {
        "x": 0.5,
        "y": 0.5
      }
    },
    "jump_06.png": {
      "frame": {
        "x": 397,
        "y": 222,
        "w": 51,
        "h": 74
      },
      "rotated": false,
      "trimmed": true,
      "spriteSourceSize": {
        "x": 34,
        "y": 48,
        "w": 51,
        "h": 74
      },
      "sourceSize": {
        "w": 128,
        "h": 128
      },
      "pivot": {
        "x": 0.5,
        "y": 0.5
      }
    },
    "jump_08.png": {
      "frame": {
        "x": 446,
        "y": 148,
        "w": 53,
        "h": 74
      },
      "rotated": false,
      "trimmed": true,
      "spriteSourceSize": {
        "x": 34,
        "y": 54,
        "w": 53,
        "h": 74
      },
      "sourceSize": {
        "w": 128,
        "h": 128
      },
      "pivot": {
        "x": 0.5,
        "y": 0.5
      }
    },
    "attack_1_1.png": {
      "frame": {
        "x": 451,
        "y": 0,
        "w": 52,
        "h": 73
      },
      "rotated": false,
      "trimmed": true,
      "spriteSourceSize": {
        "x": 24,
        "y": 55,
        "w": 52,
        "h": 73
      },
      "sourceSize": {
        "w": 128,
        "h": 128
      },
      "pivot": {
        "x": 0.5,
        "y": 0.5
      }
    },
    "attack_1_2.png": {
      "frame": {
        "x": 413,
        "y": 296,
        "w": 57,
        "h": 73
      },
      "rotated": false,
      "trimmed": true,
      "spriteSourceSize": {
        "x": 24,
        "y": 55,
        "w": 57,
        "h": 73
      },
      "sourceSize": {
        "w": 128,
        "h": 128
      },
      "pivot": {
        "x": 0.5,
        "y": 0.5
      }
    },
    "attack_2_3.png": {
      "frame": {
        "x": 420,
        "y": 369,
        "w": 63,
        "h": 73
      },
      "rotated": false,
      "trimmed": true,
      "spriteSourceSize": {
        "x": 30,
        "y": 55,
        "w": 63,
        "h": 73
      },
      "sourceSize": {
        "w": 128,
        "h": 128
      },
      "pivot": {
        "x": 0.5,
        "y": 0.5
      }
    },
    "jump_09.png": {
      "frame": {
        "x": 451,
        "y": 73,
        "w": 52,
        "h": 71
      },
      "rotated": false,
      "trimmed": true,
      "spriteSourceSize": {
        "x": 34,
        "y": 57,
        "w": 52,
        "h": 71
      },
      "sourceSize": {
        "w": 128,
        "h": 128
      },
      "pivot": {
        "x": 0.5,
        "y": 0.5
      }
    },
    "jump_07.png": {
      "frame": {
        "x": 448,
        "y": 222,
        "w": 53,
        "h": 70
      },
      "rotated": false,
      "trimmed": true,
      "spriteSourceSize": {
        "x": 34,
        "y": 50,
        "w": 53,
        "h": 70
      },
      "sourceSize": {
        "w": 128,
        "h": 128
      },
      "pivot": {
        "x": 0.5,
        "y": 0.5
      }
    },
    "jump_10.png": {
      "frame": {
        "x": 0,
        "y": 473,
        "w": 51,
        "h": 70
      },
      "rotated": false,
      "trimmed": true,
      "spriteSourceSize": {
        "x": 34,
        "y": 58,
        "w": 51,
        "h": 70
      },
      "sourceSize": {
        "w": 128,
        "h": 128
      },
      "pivot": {
        "x": 0.5,
        "y": 0.5
      }
    },
    "jump_11.png": {
      "frame": {
        "x": 51,
        "y": 473,
        "w": 50,
        "h": 63
      },
      "rotated": false,
      "trimmed": true,
      "spriteSourceSize": {
        "x": 35,
        "y": 65,
        "w": 50,
        "h": 63
      },
      "sourceSize": {
        "w": 128,
        "h": 128
      },
      "pivot": {
        "x": 0.5,
        "y": 0.5
      }
    },
    "dead_1.png": {
      "frame": {
        "x": 101,
        "y": 473,
        "w": 52,
        "h": 58
      },
      "rotated": false,
      "trimmed": true,
      "spriteSourceSize": {
        "x": 24,
        "y": 70,
        "w": 52,
        "h": 58
      },
      "sourceSize": {
        "w": 128,
        "h": 128
      },
      "pivot": {
        "x": 0.5,
        "y": 0.5
      }
    }
  },
  "meta": {
    "app": "http://free-tex-packer.com",
    "version": "0.6.7",
    "image": "samurai.png",
    "format": "RGBA8888",
    "size": {
      "w": 503,
      "h": 543
    },
    "scale": 1
  }
}